Designator,Footprint,Quantity,Value,LCSC Part #
Q6,SOT-23_Handsoldering,1,Q_NMOS_GSD,
J1,JST_ZH_B7B-ZR_1x07_P1.50mm_Vertical,1,Conn_01x07,
J3,JST_ZH_B7B-ZR_1x07_P1.50mm_Vertical,1,Conn_01x07,
J4,JST_ZH_B7B-ZR_1x07_P1.50mm_Vertical,1,Conn_01x07,
R11,R_0805_2012Metric_Pad1.15x1.40mm_HandSolder,1,1.5k,
R12,R_0805_2012Metric_Pad1.15x1.40mm_HandSolder,1,1.5k,
J5,JST_ZH_B7B-ZR_1x07_P1.50mm_Vertical,1,Conn_01x07,
SW1,SW_PUSH_6mm_H5mm,1,Reset,
C4,C_0805_2012Metric_Pad1.15x1.40mm_HandSolder,1,.1u,
J2,JST_ZH_B7B-ZR_1x07_P1.50mm_Vertical,1,Conn_01x07,
R13,R_0805_2012Metric_Pad1.15x1.40mm_HandSolder,1,1.5k,
H1,MountingHole_3.2mm_M3_DIN965_Pad,1,MountingHole_Pad,
H2,MountingHole_3.2mm_M3_DIN965_Pad,1,MountingHole_Pad,
Q4,SOT-23_Handsoldering,1,Q_NPN_BEC,
Q5,SOT-23_Handsoldering,1,Q_NPN_BEC,
Q1,SOT-23_Handsoldering,1,Q_NPN_BEC,
Q3,SOT-23_Handsoldering,1,Q_NPN_BEC,
R5,R_0805_2012Metric_Pad1.15x1.40mm_HandSolder,1,2k,
U5,TSSOP-14_4.4x5mm_P0.65mm,1,LMV324,
U6,TSSOP-14_4.4x5mm_P0.65mm,1,LMV324,
R4,R_0805_2012Metric_Pad1.15x1.40mm_HandSolder,1,390k,
R10,R_0805_2012Metric_Pad1.15x1.40mm_HandSolder,1,1.5k,
SW2,SW_PUSH_6mm_H5mm,1,Boot,
Q2,SOT-23_Handsoldering,1,Q_NPN_BEC,
R14,R_0805_2012Metric_Pad1.15x1.40mm_HandSolder,1,1.5k,
R3,R_0805_2012Metric_Pad1.15x1.40mm_HandSolder,1,100k,
R8,R_0805_2012Metric_Pad1.15x1.40mm_HandSolder,1,2k,
R7,R_0805_2012Metric_Pad1.15x1.40mm_HandSolder,1,2k,
R9,R_0805_2012Metric_Pad1.15x1.40mm_HandSolder,1,2k,
J8,JST_ZH_B7B-ZR_1x07_P1.50mm_Vertical,1,Conn_01x07,
R6,R_0805_2012Metric_Pad1.15x1.40mm_HandSolder,1,2k,
U1,ProMicro_v3.5,1,ProMicro,
D1,LED_0805_2012Metric_Pad1.15x1.40mm_HandSolder,1,LED,
J6,PJ-320D,1,PJ-320D,
R1,R_0805_2012Metric_Pad1.20x1.40mm_HandSolder,1,5k,
